ID, Name, Age, Gender
b9q1myytm7, Green Sal, 13, m
yuast0ozig, McKenzie Orval, 14, m
iyfdij027t, Rogahn Tyree, 17, m
lf1387z13t, Beier Antione, 14, m
c4fzy0e6tl, Gulgowski Tony, 19, m
yoq39irzyf, Lakin Elmo, 19, m
src19ciofs, Krajcik Terina, 13, f
aih70xbiwf, Brekke Gerardo, 17, m
n4qm4kf344, Altenwerth Tuan, 13, m
wsz2kodkom, Hyatt Telma, 15, f
ouxmjs78te, Howell Vernetta, 14, f
hb9b6sy23a, Leannon Farrah, 14, f
pmbb9iz0hu, Hammes Saul, 14, m
nttncrhelj, Sanford Michale, 16, m
pd2h88kwbm, Smith Jeffery, 18, m
fr0r769w35, Deckow Jodi, 16, f
2lzd0j1c1c, Sauer Alma, 16, f
7l8drx3ho4, Rolfson Chuck, 17, m
vmto37uhhf, Harber Bee, 15, f
agn08sjufs, Bernier Lakesha, 18, f
xwxx4irnx4, Gaylord Shaun, 17, m
ilqtgw4vih, Pollich Myrna, 16, f
ng73pzsnw5, Schroeder Clemente, 13, m
37y6oxf3s6, Auer Shyla, 13, f
3h4xd1y9c7, Thompson Nydia, 13, f
e4mij1k9s2, O'Hara Duncan, 18, m
ci33oystp3, Harber Gabriel, 14, m
srb6x16o8s, Mosciski Marcella, 13, f
cxnxgskaim, Konopelski Otelia, 19, f
mdkm92nruw, Weimann Alfred, 18, m
lb111c30j7, Wolf Lester, 19, m
e7w8txf85k, Larkin Jacquiline, 15, f
zr4vczdaud, Zulauf Ai, 19, f
muqsimxstr, Stoltenberg Alexis, 14, m
mmeesx38xg, Hammes Teddy, 19, m
05iiy8u3bn, Lebsack Nerissa, 19, f
mon0uob7n7, Leffler Odis, 17, m
rz3j5wdw3e, Brown Wanda, 18, f
66rem5sthz, Block Tosha, 14, f
8gmw9upzff, Greenholt Keneth, 17, m
o55vez3gsq, Hamill Cory, 16, m
ra177akwkz, Langosh Jenette, 18, f
iuz7vnscli, Pfeffer Cristopher, 19, m
gtdkuiandf, VonRueden Buford, 13, m
xa1l0nhxsj, Jenkins Kelley, 17, m
jjk36mbpsz, Yundt Jan, 15, m
l15mr9gg1q, Gusikowski Shenna, 19, f
ovmttwwqcy, Olson Toshiko, 15, f
4du8u0hal6, Howell Jame, 14, f
1gwi6ch7z8, White Arlen, 14, m
tyogecdakg, Hilpert Detra, 18, f
vthzkjj4ul, Kling Tiffiny, 18, f
ilybuwqccp, Heidenreich Elissa, 15, f
i7sb1cb2se, Rodriguez Caleb, 18, m
ln3y1rz9t1, Schinner Felipe, 14, m
cjbcmv2wqm, Labadie Eric, 17, m
yh5ixdwmgh, Kassulke Elayne, 15, f
fjsxyfflz3, Adams Ninfa, 16, f
q96r6jgu8r, Emmerich Harold, 18, m
jtae5hmb9a, Flatley Harmony, 16, f
v9mip82q0u, Wuckert Trula, 19, f
b5ysrr27uw, Rau Glenn, 13, m
05vrzwzjkm, Gislason Burma, 16, f
3dkpjjbnwj, Schmeler Dane, 14, m
ehvowt8ocq, Stamm Daron, 17, m
httdfiuo7q, Schmeler Genna, 14, f
cpefmp42o9, Renner Jolene, 13, f
arysk80se0, Von Cody, 13, m
9hpuh5gq47, O'Kon Darrell, 14, m
2gh64m4nft, Ankunding Paris, 15, m
3yswnu7vko, Baumbach Rhett, 13, m
77dbpdgcqx, Wehner Stephan, 13, m
kah4rhwkjs, Trantow Mira, 15, f
d1jcer8w74, Ernser Winnie, 17, f
s938xai8bl, Grant Peg, 18, f
qettvlxivb, Breitenberg Dean, 15, m
f9is6jsg0j, Kautzer Chantay, 17, f
v995hohzvd, Block Adelia, 17, f
u9qfn8j3b2, Oberbrunner Ji, 14, f
g68bgpsw14, Yundt Sandy, 17, f
c19obp1trj, Bahringer Melaine, 16, f
32ancblwhn, Goldner Jamel, 14, m
qprwmi08ao, Hirthe Deangelo, 14, m
ab4h3qgoox, Hartmann Tonja, 17, f
oaczimkutd, Jakubowski Kisha, 15, f
v2gu6epb3x, Konopelski Alex, 13, m
08q9vtf6rs, Rolfson Numbers, 15, m
jrehg5x3o2, Barton Angila, 17, f
e4vkz7heu7, Rohan Stevie, 14, f
ui4dfle3sf, Kirlin Waneta, 15, f
h469aas7rt, Howe Elizbeth, 19, f
u5qsa3gtyk, Ebert Charmain, 13, f
auh47f3zu1, Strosin Joel, 13, m
9z4ziaagp5, Fritsch Yvonne, 16, f
uuw0hrn3jv, Gleichner Linnie, 14, f
jbwq3b6elz, Krajcik Vergie, 15, f
ssukyfje0u, Williamson Damian, 13, m
akdfl2sgp7, Frami Hwa, 13, f
kgfyzioxnl, Runte Santiago, 13, m
o9v025fiqf, Nikolaus Dallas, 13, f
oy7krgoux4, Rogahn Norris, 17, m
da6nab5b4z, Corkery Azucena, 18, f
k4vm92u6bg, Reichert Anthony, 15, m
rc4necuqoz, Schuppe Candy, 14, f
rz6s1fw92p, Hettinger Edris, 17, f
2goeghohrg, Weber Everette, 14, m
rm8ecth5k6, Kozey Neil, 19, m
qu389b6ch5, Hauck Mohamed, 14, m
jefs3jlc5l, Roberts Usha, 14, f
kffbu1vwng, Schinner Jan, 16, m
